{
  "date": "2025-07-20",
  "topic": "Basic Arabic Vocabulary and Sentences",
  "language_base": "English to Arabic (Urdu optional)",
  "vocabulary": [
    {
      "arabic": "عربي",
      "english": "Arab",
      "urdu": "عربی",
      "example": {
        "english": "Zayd is an Arab",
        "arabic": "زَيْدٌ عَرَبِيٌّ"
      }
    },
    {
      "arabic": "ذَكِيٌّ",
      "english": "Smart",
      "urdu": "ذکی",
      "example": {
        "english": "Omar is smart",
        "arabic": "عُمَرُ ذَكِيٌّ"
      }
    },
    {
      "arabic": "جَدِيدٌ",
      "english": "New",
      "urdu": "جدید",
      "example": null
    },
    {
      "arabic": "بَارِدٌ",
      "english": "Cold",
      "urdu": "سرد",
      "example": null
    },
    {
      "arabic": "جَارٌ",
      "english": "Neighbor",
      "urdu": "جار",
      "example": null
    },
    {
      "arabic": "كَرَاج",
      "english": "Garage",
      "urdu": "کراج",
      "example": null
    },
    {
      "arabic": "سَمَكٌ",
      "english": "Fish",
      "urdu": "سمک",
      "example": null
    }
  ],
  "sentences": [
    {
      "english": "Duo is fast",
      "arabic": "دُو سَرِيعٌ"
    },
    {
      "english": "Tamer is fast",
      "arabic": "تَامِرٌ سَرِيعٌ"
    },
    {
      "english": "David is fast",
      "arabic": "دَاوُدُ سَرِيعٌ"
    },
    {
      "english": "David is generous",
      "arabic": "دَاوُدُ كَرِيمٌ"
    },
    {
      "english": "David is fun",
      "arabic": "دَاوُدُ مُضْحِكٌ"
    },
    {
      "english": "Sam is a good doctor",
      "arabic": "سَامٌ طَبِيبٌ جَيِّدٌ"
    },
    {
      "english": "Omar is a translator",
      "arabic": "عُمَرُ مُتَرْجِمٌ"
    },
    {
      "english": "Omar is a fast translator",
      "arabic": "عُمَرُ مُتَرْجِمٌ سَرِيعٌ"
    },
    {
      "english": "Tamer is a good translator",
      "arabic": "تَامِرٌ مُتَرْجِمٌ جَيِّدٌ"
    }
  ]
}
